sample_id,target
ID1001187975__Dry_Clover_g,43.117676
ID1001187975__Dry_Dead_g,-0.66186535
ID1001187975__Dry_Green_g,5.502162
ID1001187975__Dry_Total_g,47.957973
ID1001187975__GDM_g,48.61984
