sample_id,target
ID1001187975__Dry_Clover_g,7.0982876
ID1001187975__Dry_Dead_g,11.971962
ID1001187975__Dry_Green_g,25.744339
ID1001187975__Dry_Total_g,44.930656
ID1001187975__GDM_g,33.023838
